config,method,n_clusters,silhouette,davies_bouldin,ari,nmi,purity
CVAE_Standard,"BetaVAE+Lyrics_DBSCAN(eps=0.5,ms=3)",2,0.9880221486091614,0.014786288455964261,1.0,1.0,1.0
CVAE_Standard,BetaVAE+Lyrics_Agglomerative,20,0.027029769495129585,3.721012217728144,0.39425213570457956,0.6734714940821506,0.8072289156626506
CVAE_Standard,BetaVAE+Lyrics_KMeans,20,0.04064042121171951,3.663104353401514,0.3847543082375618,0.7071884780238135,0.8616867469879518
CVAE_Standard,Autoencoder+Lyrics_Agglomerative,20,0.005428353790193796,4.26590926986248,0.05166029703882544,0.19500001578408913,0.3787951807228916
CVAE_Standard,Autoencoder+Lyrics_KMeans,20,0.02259679138660431,3.8957626561635275,0.04877734165459737,0.2018073866833813,0.3869879518072289
CVAE_Standard,PCA_KMeans,20,0.06220119819045067,2.518606036408113,0.02864242328252513,0.13620281933029957,0.32819277108433736
CVAE_Standard,RawFeatures_Agglomerative,20,0.013506895862519741,3.852902276752425,0.024450025729652825,0.1407082457405806,0.3310843373493976
CVAE_Standard,RawFeatures_KMeans,20,0.023505493998527527,3.6287133042872184,0.023589744082184356,0.1346952082712263,0.3325301204819277
CVAE_Standard,PCA_Agglomerative,20,0.03632384538650513,2.636084602133425,0.019405931673093492,0.1334801841916296,0.327710843373494
