config,method,n_clusters,silhouette,davies_bouldin,ari,nmi,purity
CVAE_Disentangled_High,"BetaVAE+Lyrics_DBSCAN(eps=0.5,ms=3)",2,0.993866503238678,0.007411633945512621,1.0,1.0,1.0
CVAE_Disentangled_High,BetaVAE+Lyrics_Agglomerative,20,0.0518963560461998,3.869175875276386,0.4826578558224549,0.7342331372363736,0.8578313253012049
CVAE_Disentangled_High,BetaVAE+Lyrics_KMeans,20,0.06254534423351288,3.607488090681593,0.4279141599132974,0.7393663144272974,0.8626506024096385
CVAE_Disentangled_High,Autoencoder+Lyrics_Agglomerative,20,0.013608776032924652,4.261246476193707,0.05169520354892839,0.19231515543374197,0.37349397590361444
CVAE_Disentangled_High,Autoencoder+Lyrics_KMeans,20,0.02472705766558647,3.872096471964374,0.05131310530043761,0.20813552571072644,0.38650602409638557
CVAE_Disentangled_High,PCA_KMeans,20,0.041598718613386154,2.9572376377788467,0.024777885751159783,0.13573724191434236,0.3330120481927711
CVAE_Disentangled_High,RawFeatures_Agglomerative,20,0.013506895862519741,3.852902276752425,0.024450025729652825,0.1407082457405806,0.3310843373493976
CVAE_Disentangled_High,PCA_Agglomerative,20,0.030680401250720024,2.9029117474894637,0.02426413508281318,0.13609964236497044,0.32674698795180723
CVAE_Disentangled_High,RawFeatures_KMeans,20,0.023505493998527527,3.6287133042872184,0.023589744082184356,0.1346952082712263,0.3325301204819277
