method,silhouette,calinski_harabasz
VAE+KMeans,0.3649068772792816,2682.4427847058364
PCA+KMeans,0.1494942605495453,722.4700540439114
