config,method,n_clusters,silhouette,davies_bouldin,ari,nmi,purity
BetaVAE_Disentangled_Low,Autoencoder+Lyrics_KMeans,20,0.020596453920006752,3.9809356450866993,0.059725865006982536,0.22527111404725123,0.396144578313253
BetaVAE_Disentangled_Low,BetaVAE+Lyrics_Agglomerative,20,0.0039537400007247925,3.6230945514782973,0.05799966539767088,0.18759590450551525,0.37060240963855423
BetaVAE_Disentangled_Low,Autoencoder+Lyrics_Agglomerative,20,0.005931766238063574,4.68502119192467,0.050419877226615055,0.1980394752222469,0.3763855421686747
BetaVAE_Disentangled_Low,BetaVAE+Lyrics_KMeans,20,0.02512340620160103,3.7501666600734396,0.043528742253403994,0.193252275950319,0.3672289156626506
BetaVAE_Disentangled_Low,PCA_KMeans,20,0.04902166128158569,2.8598162041681405,0.03012298168945202,0.13494436958757894,0.327710843373494
BetaVAE_Disentangled_Low,RawFeatures_Agglomerative,20,0.013506895862519741,3.852902276752425,0.024450025729652825,0.1407082457405806,0.3310843373493976
BetaVAE_Disentangled_Low,RawFeatures_KMeans,20,0.023505493998527527,3.6287133042872184,0.023589744082184356,0.1346952082712263,0.3325301204819277
BetaVAE_Disentangled_Low,PCA_Agglomerative,20,0.02745881676673889,3.07890513373846,0.023133811868731424,0.1343034846543146,0.3272289156626506
