config,method,n_clusters,silhouette,davies_bouldin,ari,nmi,purity
BetaVAE_Disentangled_High,Autoencoder+Lyrics_Agglomerative,20,0.011751086451113224,4.2551183617797435,0.05930014274362757,0.19067292746745726,0.3797590361445783
BetaVAE_Disentangled_High,Autoencoder+Lyrics_KMeans,20,0.024828623980283737,3.8217871929071796,0.04794286716144888,0.2013553202112636,0.388433734939759
BetaVAE_Disentangled_High,BetaVAE+Lyrics_KMeans,20,0.02367999590933323,3.535480074574454,0.032934454648968166,0.1709126130264599,0.3643373493975904
BetaVAE_Disentangled_High,BetaVAE+Lyrics_Agglomerative,20,0.010781725868582726,3.6259834663540835,0.02887920001931732,0.16050651633985683,0.356144578313253
BetaVAE_Disentangled_High,PCA_KMeans,20,0.041598718613386154,2.9572376377788467,0.024777885751159783,0.13573724191434236,0.3330120481927711
BetaVAE_Disentangled_High,RawFeatures_Agglomerative,20,0.013506895862519741,3.852902276752425,0.024450025729652825,0.1407082457405806,0.3310843373493976
BetaVAE_Disentangled_High,PCA_Agglomerative,20,0.030680401250720024,2.9029117474894637,0.02426413508281318,0.13609964236497044,0.32674698795180723
BetaVAE_Disentangled_High,RawFeatures_KMeans,20,0.023505493998527527,3.6287133042872184,0.023589744082184356,0.1346952082712263,0.3325301204819277
