config,method,n_clusters,silhouette,davies_bouldin,ari,nmi,purity
BetaVAE_Standard,BetaVAE+Lyrics_Agglomerative,20,0.0012965386267751455,4.366071261809958,0.047267356552896135,0.16126688555265298,0.363855421686747
BetaVAE_Standard,Autoencoder+Lyrics_KMeans,20,0.021384347230196,3.9080306255533004,0.04539673484949327,0.20253406688312872,0.3893975903614458
BetaVAE_Standard,Autoencoder+Lyrics_Agglomerative,20,0.0034168027341365814,4.426611014839727,0.03955525733440836,0.18595963545354632,0.35855421686746985
BetaVAE_Standard,BetaVAE+Lyrics_KMeans,20,0.01687738113105297,3.8843030385926824,0.03789059705418731,0.16669067993163605,0.3633734939759036
BetaVAE_Standard,PCA_KMeans,20,0.06220119819045067,2.518606036408113,0.02864242328252513,0.13620281933029957,0.32819277108433736
BetaVAE_Standard,RawFeatures_Agglomerative,20,0.013506895862519741,3.852902276752425,0.024450025729652825,0.1407082457405806,0.3310843373493976
BetaVAE_Standard,RawFeatures_KMeans,20,0.023505493998527527,3.6287133042872184,0.023589744082184356,0.1346952082712263,0.3325301204819277
BetaVAE_Standard,PCA_Agglomerative,20,0.03632384538650513,2.636084602133425,0.019405931673093492,0.1334801841916296,0.327710843373494
