config,method,n_clusters,silhouette,davies_bouldin,ari
Low_Beta,PCA(rawFused)_KMeans,6,0.13876353204250336,1.834883168361369,0.050903440291168264
Low_Beta,PCA(rawFused)_Agglomerative,6,0.10962052643299103,1.74624566613943,0.05243811660165825
Low_Beta,RawAudioMean+Lyrics_KMeans,6,0.08259827643632889,2.578924875448826,0.05037584208985076
Low_Beta,RawAudioMean+Lyrics_Agglomerative,6,0.0633230209350586,2.7579783261040984,0.032011973501632124
Low_Beta,ConvVAE+Lyrics_KMeans,6,0.031052595004439354,4.006730490626407,0.08210935209854459
Low_Beta,ConvVAE+Lyrics_Agglomerative,6,0.011466084979474545,4.562442804568402,0.08761496687773417
Low_Beta,ConvVAE+Lyrics_DBSCAN(failed),0,,,
Low_Beta,RawAudioMean+Lyrics_DBSCAN(failed),0,,,
Low_Beta,PCA(rawFused)_DBSCAN(failed),0,,,
